state,value
10,0.060302734375
00,0.886474609375
01,0.0399169921875
11,0.0133056640625
