state,value
10,0.0927734375
00,0.022705078125
01,0.08837890625
11,0.796142578125
