state,value
01,0.859375
10,0.0179443359375
00,0.083740234375
11,0.0389404296875
