state,value
1110,0.250732421875
0100,0.2474365234375
0001,0.2486572265625
1011,0.253173828125
