state,value
0011,0.2496337890625
0110,0.250244140625
1001,0.2442626953125
1100,0.255859375
