state,value
0101,0.254150390625
1111,0.2474365234375
0000,0.2476806640625
1010,0.250732421875
